{"bbgmDiscord":{"doobie mugi":123473.69337513567,"YTS":295.4500000000001,"Gene":14.9,"Ran-dumb_Person":87030.25197762862,"nicidob":540.755009578125,"alphy":368.69999999999965,"Champ1432":374.49999999999994,"MugiBot":25922.25590267334,"CaptainCucker":10.35,"roobi":1102.8308558947276,"Black Flag Max Ⓐ":29.4,"Samurai315":19.15,"ClevelandFan":37071.129399037265,"LionKing101":251527.78126202594,"everest":24.499999999999996,"Kosciuszko":103.4,"blueblase":81.1,"adam silver":58.15,"Skanda":158.14999999999995,"𝕝𝕠𝕨𝕓𝕦𝕕𝕘𝕖𝕥𝕖𝕩𝕚𝕤𝕥𝕖𝕟𝕔𝕖":22447.129248394343,"austin63867":10034.899999999998,"FeaturingDark":33.55,"Durian":176.30000000000004,"Dabbinho":71.75000000000001,"MarksmanPlays":-41.95,"dumbmatter":15266.662220000002,"whitecow":302.55000000000007,"Goat_Status_19":195.89999999999992,"Jake*":70.39999999999998,"kaaa43":0.2,"AJ":3.0999999999999996,"syebana":188.4,"Woj":269.4865624999997,"SuperSaiyan15":19.7,"BlockboyMC":6.25,"Marcus.":6.299999999999999,"iLiKeLaZeRz":134.85000000000005,"lewie100":64.94999999999999,"alexnoob":67.75000000000001,"Grim Reaper":383.59625000000017,"GradyMcTracy":111.10000000000002,"EMONEY12":36284.966366006316,"CF Rip Kobe Bryant":13.700000000000001,"Kevin Durant":82.60000000000001,"oliveira":7.5,"Threes > Twos":3638.824656250001,"jpu":28.55,"Triumph":183.10000000000002,"xndrew05":7.400000000000009,"Aton837":-20.65,"Spiderchicken9":198.29999999999995,"MoistenedWah":4,"CheapsculptureTAG":12.8,"sjsjsjsj":0.250000000000002,"Blocks":-22.249999999999936,"Eddy":15,"The_Slojoe":50.49999999999998,"MarcerMercer":14.3,"uoɯǝp ǝɓɐʇS":-24.75,"DaGOAT101":18.25,"blast":54.1,"MegaMac26":-19.250000000000004,"SelfMadeStealth":34.6,"Kinglizard 🦃🦃🦃🦃🦃":3,"Pats":9.45,"DAME":83.80000000000001,"WabbitSeason":1,"Random, the Deranged Bird":0,"TheBlueBananaBoat":9.5,"astupidwerewolf":365157.9343965123,"Fry Bandit":93.70000000000002,"StarFyre":3,"HappySunsFan":2.75,"// El Griegongolongo //":25.650000000000002,"Thicc":-32.849999999999994,"Cubzlover84":2.4500000000000024,"KC24":8.550000000000004,"Soularion":-3.4999999999999996,"Dalphix":5.15,"Taz":7.3999999999999995,"Eris":-3682.1999999999994,"Young Simba":53.19999999999988,"ryan lol":0.6000000000000001,"Carl-bot":18,"Brilliant Defensive Mind":42078.14749999325,"RWBYhater (Val)":63.94999999999999,"JayBee":288414.63998869865,"jicem":163.9499999999999,"geonerd":41.25,"TarikAtakan":3,"Beerus Be Insane tho 🔥":51.79999999999998,"Ben,":27.15,"Bob Ross":1,"Robbyhead":35.2,"Chaoss":13633.381809069271,"wagalien":95.19999999999997,"KIRT":116.45,"kotov":8.75,"AtomicDelirium":296599.0778151264,"smug gorilla":149.24999999999997,"LAKERIN6":4.55,"bunta":44.800000000000004,"Mike Hill":3.3,"BKinney":17,"Stxven":2.1,"Melo":38.89999999999999,"Fingal":16.7,"shep":37.4,"wiIIy":3,"shakur":5.15,"ben J A M in":47.25,"Orioles2014":23.05,"Gladiator404":3.7,"Shady5416":5.85,"jz13":303.26624999999996,"Ĥayato":3,"OC_Hespera":-12.649999999999999,"slammo98":-3.25,"Simulation Central YT":37.5,"TheRealGWood":184.70000000000002,"Peabody Express":12.799999999999999,"Master Oogway":19.649999999999995,"Optimalbeast13":4.15,"Loading":1.55,"Napalm":6.3,"reina":67.99999999999996,"Topies":0.75,"cayrae":3,"NotLaZeRz":3.05,"Buck":8.9,"RWBYaddict":8.2,"Chum":5.65,"Aeryus":1.4,"mysterio":7.25,"Tracy":0.15,"koolfly":4.95,"Chase5140707":-18.6,"boimenred":4.4499999999999975,"Slaughtergang21":3,"Jet":4,"Idhant Jena":9.75,"Jeff K":4.7,"pistons":5.7,"trevanbaxter":5.5,"PeruvianCHikEn":0,"louie montana":5.35,"darwin":3.8499999999999996,".everyone":8.35,"BRUH?":2.5,"drake":2.25,".JJ":0.15,"ben.":41.5,"Artemus2021":1.65,"AnimeIsAss":4.5,"hmmm":3.75,"KingLexgoat223":9.75,"Vaughn":3.45,"Onion Man":44.949999999999996,"dargamak":1000,"Cadillac":0.6,"mateja":-20.549999999999997,"Freddie":6,"Yum":23.6,"Marz Hoops":12.95,"TaakoKaat":15.45,"Oshaya":3,"The Slasher Sanitarium - Troy":47.29999999999999,"Bama no":3.25,"Tim-Duncan21":11.9,"DashxSF":42,"jadeniscool30":4.300000000000001,"Charles😳":39.49999999999999,"ArcAngelX":4.35,"Kingkrab":0.1,"Bacon":4.95,"cumnugget":125.7,"AarKnife the 🐐":3.8999999999999995,"TheReal":4.999999999999999,"Captain Price(Capalot)":12.89999999999999,"Vishu":3.7,"Jeff Loldee":6.4,"creme":3,"Percz⁹⁹⁹":4.7,"chief":23.05,"yeeeeeeeeeeeeeeeeeeeeeeeeet":5.2,"Depressed Dog Lover":16.6,"jaymoney2021":2580.25,"plasio":3.8,"hunnit?":2.45,"Flame4Game":30.72812500000001,"MalikDaDemon":-353.20000000000005,"DJLbaseball":-233.10000000000008,"Austin Feng":-3922.25,"lam_chop19":6,"shmurda":27.549999999999997,"baggypantsman":6,"Harv":3,"da_dman172":64.1,"JediPieman63":16.6,"Slaughteropps21":18.05,"LeBald James":2.2,".Kingz99":2.25,"Urker2":0.25,"maxette":3.95,"slushhh":1,"Saturnwrath":10.15,"Hidden":20.999999999999996,"StevenConrad":13.25,"Eren yeager":1.45,"cole":16.400000000000002,"localmomhere":25.45,"Dasani Water":19.1,"this guy is ugly":4,"Gregg Brown":3,"QuinTom":3.9,"kel":2.35,"ACoke121":58.025000000000006,"Jlebron13":16.9,"Lextry":-22.1,"Stockmaster007":3,"Stanllinari":26.65,"Loophole":9,"Tilt":-33.10000000000001,"Maniax":6,"dedytime":4.1,"kiminimumu":1.05,"Summer":25.049999999999997,"TopShaggerGomlen":2.7,"simi":17.300000000000004,"LyricalMiracle":1236,"rockets dont have their pick":3.8,"jesuspiece":0.5,"Nihar":10,"Kauã Michel":2.8000000000000003,"Splash":6,"Japjot GILL":11.05,"b i g b e r t h a (AOBOY)":58.45,"JobbieNoon":13.05,"and2332":2006.0900000000001,"Jae'Sean Tate Future MVP":1.7999999999999998,"Enzo":3.95,"Shaman":1.55,"JunkoBunko":8,"Sapphireonice":3.65,"YoungBoyFan":11.9,"davest":2.15,"light":44.650000000000006,"Jay Lus":3.65,"DENVER31":2.5,"quinn44":1.35,"wahoo":9.7,"geneticmanipulation":8.5,"Ra98":512.45,"Act":135,"johnlovesfootball":0.5,"zzzzzzz":3,"New act":0,"New act2":0,"aruther smith":18.8,"timmms":1.85,"D'Mario":4.85,"Joeylikesgames":6,"Kaleed":1.35,"ΚΩΕΝ":-86.71249999999996,"Ice Trae":6.8,"Lovely AJ":4.4,"nemolee.exe":3.75,"Praetorian Guard":-21.45,"TheUnbreakableRedRiot":12.7,"Aeryus Electric boogaloo":0.25,"Aquaa":-0.24999999999999867,"Nati Ben-Oshaya":3.55,"MrKnights":3,"Homingbird":3,"ckl2112":5,"Newer act":214747.23890551354,"MarcusFrmDaVille":-15.550000000000006,"SlimShady":1.45,"FleecerDaGoat":20.949999999999996,"poppysmoke23":190.45000000000005,"Ca$hMooney11":5.699999999999999,"Doobey Moobey":131.2898010253906,"TheThreePointer":10.850000000000001,"pjensen1206":0.2,"bossboy27111":105.41980999999998,"JaylenDaDemon":-59.79999999999998,"blackleprechaun3":31.5,"Mo":2.2,"Fasterrrrr":10,"conantroutmann":7.3500000000000005,"notchriss":0.25,"BIGDICKBOI":9.35,"lowbudgetexistence":-25,"SIDET1T":6,"juice":22.999999999999996,"BillyPap47":0.75,"geonerf":236031.81323554905,"ver":3,"Arizona Tooth":3,"Iioone":3,"two Gurley’s one Kupp":2.75,"Frankfurt":1.65,"𝖑𝖔𝖜𝖑𝖎𝖋𝖊 ✪":0.25,"MystBZ":0.4,"uɐʇɹɐdS":0.3,"- Grimz 🖤🖤":173.90000000000012,"marcGforce":6.3,"FOG_Cand":11.25,"CyrusLand":3,"bossboy271":50,"XTX":22.55},"lottery":725,"chance":0.027000000000000014}