{"bbgmDiscord":{"doobie mugi":236916.45600861745,"YTS":308.70000000000016,"Gene":12.750000000000002,"Ran-dumb_Person":91334.0188640318,"nicidob":540.755009578125,"alphy":344.99999999999966,"Champ1432":363,"MugiBot":25883.90590267334,"CaptainCucker":10.35,"roobi":1095.6308558947276,"Black Flag Max Ⓐ":24.25,"Samurai315":19,"ClevelandFan":99.80000000000001,"LionKing101":708.4110450267793,"everest":22.849999999999998,"Kosciuszko":103.4,"blueblase":75.10000000000001,"adam silver":14.299999999999999,"Skanda":158.14999999999995,"𝕝𝕠𝕨𝕓𝕦𝕕𝕘𝕖𝕥𝕖𝕩𝕚𝕤𝕥𝕖𝕟𝕔𝕖":218.36954879760745,"austin63867":9976.9,"FeaturingDark":17.6,"Durian":70.5,"Dabbinho":71.75000000000001,"MarksmanPlays":-41.95,"dumbmatter":15241.712220000001,"whitecow":286.30000000000007,"Goat_Status_19":192.89999999999992,"Jake*":68.19999999999997,"kaaa43":0.2,"AJ":3.0999999999999996,"syebana":130.95000000000002,"Woj":230.6365624999998,"SuperSaiyan15":19.7,"BlockboyMC":6.25,"Marcus.":6.299999999999999,"iLiKeLaZeRz":121.10000000000004,"lewie100":0,"alexnoob":6.550000000000001,"Grim Reaper":259.39624999999995,"GradyMcTracy":111.10000000000002,"EMONEY12":36276.716366006316,"CF Rip Kobe Bryant":13.700000000000001,"Kevin Durant":80.50000000000001,"oliveira":7.5,"Threes > Twos":3638.824656250001,"jpu":28.55,"Triumph":136.94999999999996,"xndrew05":-30.950000000000003,"Aton837":-20.65,"Spiderchicken9":223.09999999999997,"MoistenedWah":4,"CheapsculptureTAG":12.8,"sjsjsjsj":0.250000000000002,"Blocks":-36.04999999999993,"Eddy":3,"The_Slojoe":50.49999999999998,"MarcerMercer":14.3,"uoɯǝp ǝɓɐʇS":0.25,"DaGOAT101":18.25,"blast":54.1,"MegaMac26":-19.250000000000004,"SelfMadeStealth":27.849999999999998,"Kinglizard 🦃🦃🦃🦃🦃":3,"Pats":9.45,"DAME":64.85000000000002,"WabbitSeason":1,"Random, the Deranged Bird":6.899999999999999,"TheBlueBananaBoat":9.5,"astupidwerewolf":30033.88285440568,"Fry Bandit":21.75,"StarFyre":3,"HappySunsFan":2.75,"// El Griegongolongo //":25.650000000000002,"Thicc":-32.849999999999994,"Cubzlover84":-2.2499999999999973,"KC24":22.15,"Soularion":-3.4999999999999996,"Dalphix":5.15,"Taz":7.3999999999999995,"Eris":-3682.1999999999994,"Young Simba":53.19999999999988,"ryan lol":0.6000000000000001,"Carl-bot":15,"Brilliant Defensive Mind":42068.99749999325,"RWBYhater (Val)":63.94999999999999,"JayBee":81919.18642561107,"jicem":150.34999999999994,"geonerd":0,"TarikAtakan":3,"Beerus Be Insane tho 🔥":51.79999999999998,"Ben,":27.15,"Bob Ross":1,"Robbyhead":35.2,"Chaoss":13.1,"wagalien":81.79999999999998,"KIRT":101.45,"kotov":6.7,"AtomicDelirium":91037.02793930049,"smug gorilla":110.49999999999999,"LAKERIN6":4.05,"bunta":44.800000000000004,"Mike Hill":3.3,"BKinney":17,"Stxven":2.1,"Melo":38.89999999999999,"Fingal":1.7999999999999998,"shep":31.05,"wiIIy":3,"shakur":5.15,"ben J A M in":47.25,"Orioles2014":20.05,"Gladiator404":3.7,"Shady5416":5.85,"jz13":303.26624999999996,"Ĥayato":3,"OC_Hespera":-20.65,"slammo98":-3.25,"Simulation Central YT":0,"TheRealGWood":123.99999999999999,"Peabody Express":12.799999999999999,"Master Oogway":19.649999999999995,"Optimalbeast13":4.15,"Loading":1.55,"Napalm":6.3,"reina":67.99999999999996,"Topies":0.75,"cayrae":3,"NotLaZeRz":3.05,"Buck":8.9,"RWBYaddict":8.2,"Chum":5.65,"Aeryus":1.4,"mysterio":7.25,"Tracy":0.15,"koolfly":4.95,"Chase5140707":-18.6,"boimenred":3.049999999999997,"Slaughtergang21":3,"Jet":4,"Idhant Jena":9.75,"Jeff K":4.7,"pistons":5.7,"trevanbaxter":5.5,"PeruvianCHikEn":0,"louie montana":5.35,"darwin":3.8499999999999996,".everyone":8.35,"BRUH?":2.5,"drake":2.25,".JJ":0.15,"ben.":39,"Artemus2021":1.65,"AnimeIsAss":4.5,"hmmm":3.75,"KingLexgoat223":8.8,"Vaughn":3.45,"Onion Man":44.949999999999996,"dargamak":1000,"Cadillac":0.6,"mateja":-20.549999999999997,"Freddie":6,"Yum":12.75,"Marz Hoops":12.95,"TaakoKaat":12.45,"Oshaya":3,"The Slasher Sanitarium - Troy":47.29999999999999,"Bama no":3.25,"Tim-Duncan21":11.9,"DashxSF":42,"jadeniscool30":4.300000000000001,"Charles😳":39.49999999999999,"ArcAngelX":4.35,"Kingkrab":0.1,"Bacon":4.95,"cumnugget":14.499999999999998,"AarKnife the 🐐":0.7,"TheReal":4.999999999999999,"Captain Price(Capalot)":12.89999999999999,"Vishu":3,"Jeff Loldee":6.4,"creme":3,"Percz⁹⁹⁹":4.7,"chief":23.05,"yeeeeeeeeeeeeeeeeeeeeeeeeet":5.2,"Depressed Dog Lover":16.6,"jaymoney2021":2580.25,"plasio":3.8,"hunnit?":2.45,"Flame4Game":30.72812500000001,"MalikDaDemon":-353.20000000000005,"DJLbaseball":-233.10000000000008,"Austin Feng":-3922.25,"lam_chop19":6,"shmurda":27.549999999999997,"baggypantsman":6,"Harv":3,"da_dman172":64.1,"JediPieman63":16.6,"Slaughteropps21":16.7,"LeBald James":2.2,".Kingz99":2.25,"Urker2":0.25,"maxette":3.95,"slushhh":1,"Saturnwrath":10.15,"Hidden":20.999999999999996,"StevenConrad":13.25,"Eren yeager":1.45,"cole":3,"localmomhere":15.9,"Dasani Water":19.1,"this guy is ugly":4,"Gregg Brown":3,"QuinTom":3.9,"kel":2.35,"ACoke121":13.150000000000002,"Jlebron13":16.15,"Lextry":-22.1,"Stockmaster007":3,"Stanllinari":26.65,"Loophole":9,"Tilt":-4.299999999999999,"Maniax":6,"dedytime":4.1,"kiminimumu":1.05,"Summer":25.049999999999997,"TopShaggerGomlen":2.7,"simi":17.300000000000004,"LyricalMiracle":1236,"rockets dont have their pick":3.8,"jesuspiece":0.5,"Nihar":10,"Kauã Michel":2.6500000000000004,"Splash":6,"Japjot GILL":11.05,"b i g b e r t h a (AOBOY)":58.45,"JobbieNoon":13.05,"and2332":2006.0900000000001,"Jae'Sean Tate Future MVP":1.7999999999999998,"Enzo":3.95,"Shaman":1.55,"JunkoBunko":8,"Sapphireonice":3.65,"YoungBoyFan":11.9,"davest":2.15,"light":23.949999999999996,"Jay Lus":3.65,"DENVER31":2.5,"quinn44":1.35,"wahoo":9.7,"geneticmanipulation":0.95,"Ra98":512.45,"Act":135,"johnlovesfootball":0.5,"zzzzzzz":3,"New act":0,"New act2":0,"aruther smith":18.8,"timmms":1.85,"D'Mario":4.85,"Joeylikesgames":6,"Kaleed":1.35,"ΚΩΕΝ":-109.51249999999996,"Ice Trae":6.8,"Lovely AJ":4.4,"nemolee.exe":3.75,"Praetorian Guard":-21.45,"TheUnbreakableRedRiot":12.7,"Aeryus Electric boogaloo":0.25,"Aquaa":-0.24999999999999867,"Nati Ben-Oshaya":3.55,"MrKnights":3,"Homingbird":3,"ckl2112":5,"Newer act":10055.07,"MarcusFrmDaVille":6.949999999999999,"SlimShady":1.45,"FleecerDaGoat":-21.35,"poppysmoke23":190.45000000000005,"Ca$hMooney11":5.699999999999999,"Doobey Moobey":131.2898010253906,"TheThreePointer":10.850000000000001,"pjensen1206":0.2,"bossboy27111":15,"JaylenDaDemon":-46.4,"blackleprechaun3":15.4,"Mo":2.1,"Fasterrrrr":10,"conantroutmann":7.3500000000000005,"notchriss":0.25,"BIGDICKBOI":9.35,"lowbudgetexistence":-25,"SIDET1T":6,"juice":0.05,"BillyPap47":0.75,"geonerf":1.2},"lottery":825,"chance":0.031000000000000017}