{"bbgmDiscord":{"doobie mugi":1000021.0205824063,"YTS":340.35000000000014,"Gene":12.3,"Ran-dumb_Person":84056.01886403187,"nicidob":540.755009578125,"alphy":272.7499999999997,"Champ1432":358.9,"MugiBot":26019.943402673343,"CaptainCucker":10.35,"roobi":1065.6308558947276,"Black Flag Max Ⓐ":18.4,"Samurai315":5,"ClevelandFan":15,"LionKing101":1215,"everest":20.55,"Kosciuszko":103.4,"blueblase":59.45000000000001,"adam silver":10.85,"Skanda":158.14999999999995,"𝕝𝕠𝕨𝕓𝕦𝕕𝕘𝕖𝕥𝕖𝕩𝕚𝕤𝕥𝕖𝕟𝕔𝕖":413.34511718749985,"austin63867":4189,"FeaturingDark":14.75,"Durian":71,"Dabbinho":71.75000000000001,"MarksmanPlays":-41.95,"dumbmatter":15230.36222,"whitecow":262.1500000000001,"Goat_Status_19":136.09999999999997,"Jake*":58.499999999999986,"kaaa43":0.2,"AJ":3.0999999999999996,"syebana":121.45000000000002,"Woj":218.49999999999986,"SuperSaiyan15":19.7,"BlockboyMC":6.25,"Marcus.":6.299999999999999,"iLiKeLaZeRz":118.10000000000004,"lewie100":-349.25,"alexnoob":0,"Grim Reaper":157.84999999999994,"GradyMcTracy":88.55000000000001,"EMONEY12":172.32499999999985,"CF Rip Kobe Bryant":13.700000000000001,"Kevin Durant":50.35,"oliveira":7.5,"Threes > Twos":4516.632875000001,"jpu":0,"Triumph":111.19999999999996,"xndrew05":-30.950000000000003,"Aton837":-22.299999999999997,"Spiderchicken9":219.14999999999995,"MoistenedWah":4,"CheapsculptureTAG":12.8,"sjsjsjsj":0.250000000000002,"Blocks":-27.599999999999927,"Eddy":4.3,"The_Slojoe":45.149999999999984,"MarcerMercer":14.3,"uoɯǝp ǝɓɐʇS":0.25,"DaGOAT101":18.25,"blast":54.1,"MegaMac26":-19.250000000000004,"SelfMadeStealth":26.099999999999998,"Kinglizard 🦃🦃🦃🦃🦃":3,"Pats":9.45,"DAME":61.20000000000001,"WabbitSeason":1,"Random, the Deranged Bird":22.699999999999996,"TheBlueBananaBoat":9,"astupidwerewolf":0,"Fry Bandit":0,"StarFyre":3,"HappySunsFan":2.75,"// El Griegongolongo //":14.000000000000002,"Thicc":-9.599999999999998,"Cubzlover84":49.1,"KC24":0,"Soularion":-3.5999999999999996,"Dalphix":5.15,"Taz":7.3999999999999995,"Eris":-3541.9999999999995,"Young Simba":53.19999999999988,"ryan lol":0.6000000000000001,"Carl-bot":15,"Brilliant Defensive Mind":29468.03749999326,"RWBYhater (Val)":63.94999999999999,"JayBee":2697.7250000000004,"jicem":152.54999999999993,"geonerd":100179.97875708203,"TarikAtakan":3,"Beerus Be Insane tho 🔥":51.79999999999998,"Ben,":27.15,"Bob Ross":1,"Robbyhead":11.5,"Chaoss":13.1,"wagalien":81.79999999999998,"KIRT":92.95,"kotov":6.7,"AtomicDelirium":33.75,"smug gorilla":109.74999999999999,"LAKERIN6":4.05,"bunta":44.800000000000004,"Mike Hill":3.3,"BKinney":11,"Stxven":2.1,"Melo":38.89999999999999,"Fingal":1.7999999999999998,"shep":31.05,"wiIIy":3,"shakur":4.000000000000001,"ben J A M in":47.25,"Orioles2014":14.85,"Gladiator404":3.7,"Shady5416":5.85,"jz13":336.9625,"Ĥayato":3,"OC_Hespera":-20.65,"slammo98":-3.25,"Simulation Central YT":32.5,"TheRealGWood":110.74999999999999,"Peabody Express":12.799999999999999,"Master Oogway":19.649999999999995,"Optimalbeast13":4.15,"Loading":1.55,"Napalm":6.3,"reina":64.99999999999996,"Topies":0.75,"cayrae":3,"NotLaZeRz":3.05,"Buck":8.9,"RWBYaddict":8.2,"Chum":5.65,"Aeryus":1.4,"mysterio":7.25,"Tracy":0.15,"koolfly":4.95,"Chase5140707":-18.6,"boimenred":-18.150000000000002,"Slaughtergang21":3,"Jet":4,"Idhant Jena":9.75,"Jeff K":4.7,"pistons":5.7,"trevanbaxter":5.5,"PeruvianCHikEn":0,"louie montana":5.35,"darwin":3.8499999999999996,".everyone":5.35,"BRUH?":2.5,"drake":2.25,".JJ":0.15,"ben.":39,"Artemus2021":1.65,"AnimeIsAss":4.5,"hmmm":3.75,"KingLexgoat223":4.3,"Vaughn":3.45,"Onion Man":44.949999999999996,"dargamak":1000,"Cadillac":0.6,"mateja":-20.549999999999997,"Freddie":6,"Yum":12.75,"Marz Hoops":12.95,"TaakoKaat":12.45,"Oshaya":3,"The Slasher Sanitarium - Troy":47.29999999999999,"Bama no":3.25,"Tim-Duncan21":3.9,"DashxSF":36.95,"jadeniscool30":3.3500000000000005,"Charles😳":39.49999999999999,"ArcAngelX":4.35,"Kingkrab":0.1,"Bacon":4.95,"cumnugget":14.499999999999998,"AarKnife the 🐐":0.7,"TheReal":4.999999999999999,"Captain Price(Capalot)":6.89999999999999,"Vishu":3,"Jeff Loldee":6.4,"creme":3,"Percz⁹⁹⁹":4.7,"chief":23.05,"yeeeeeeeeeeeeeeeeeeeeeeeeet":5.2,"Depressed Dog Lover":16.6,"jaymoney2021":2580.25,"plasio":3.8,"hunnit?":2.45,"Flame4Game":55.83750000000001,"MalikDaDemon":18,"DJLbaseball":-233.10000000000008,"Austin Feng":-3604.1,"lam_chop19":6,"shmurda":27.549999999999997,"baggypantsman":6,"Harv":3,"da_dman172":64.1,"JediPieman63":16.6,"Slaughteropps21":16.7,"LeBald James":2.2,".Kingz99":2.25,"Urker2":0.25,"maxette":0.95,"slushhh":1,"Saturnwrath":10.15,"Hidden":20.999999999999996,"StevenConrad":13.25,"Eren yeager":1.45,"cole":3,"localmomhere":15.9,"Dasani Water":19.1,"this guy is ugly":4,"Gregg Brown":3,"QuinTom":2.75,"kel":2.35,"ACoke121":13.150000000000002,"Jlebron13":16.15,"Lextry":-22.1,"Stockmaster007":3,"Stanllinari":26.65,"Loophole":9,"Tilt":9.100000000000001,"Maniax":6,"dedytime":4.1,"kiminimumu":1.05,"Summer":25.049999999999997,"TopShaggerGomlen":3,"simi":17.300000000000004,"LyricalMiracle":1246,"rockets dont have their pick":3.8,"jesuspiece":0.5,"Nihar":10,"Kauã Michel":2.6500000000000004,"Splash":6,"Japjot GILL":11.05,"b i g b e r t h a (AOBOY)":56.9,"JobbieNoon":13.05,"and2332":2006.0900000000001,"Jae'Sean Tate Future MVP":1.7999999999999998,"Enzo":3.95,"Shaman":1.55,"JunkoBunko":8,"Sapphireonice":3.65,"YoungBoyFan":8.9,"davest":2.15,"light":23.949999999999996,"Jay Lus":3.65,"DENVER31":2.5,"quinn44":1.35,"wahoo":9.7,"geneticmanipulation":0.95,"Ra98":512.45,"Act":135,"johnlovesfootball":0.5,"zzzzzzz":1,"New act":10057.323411885482,"New act2":30.1,"aruther smith":18.8,"timmms":1.85,"D'Mario":4.85,"Joeylikesgames":6,"Kaleed":1.35,"ΚΩΕΝ":51.55000000000001,"Ice Trae":6.8,"Lovely AJ":4.4,"nemolee.exe":3.75,"Praetorian Guard":-25,"TheUnbreakableRedRiot":6.7,"Aeryus Electric boogaloo":0.25,"Aquaa":-3.2499999999999987,"Nati Ben-Oshaya":3.55,"MrKnights":3,"Homingbird":3,"ckl2112":3},"lottery":1100,"chance":0.04200000000000002}