{"bbgmDiscord":{"doobie mugi":1270.2499999999993,"MugiBot":645.25,"alphy":138.05,"lewie100":85.69999999999999,"Captain Price(Capalot)":13,"Grim Reaper":646.9999999999998,"Goat_Status_19":83.65,"alexnoob":521.95,"whitecow":92.30000000000003,"ClevelandFan":424.64999999999986,"Ran-dumb_Person":85.05,"𝕝𝕠𝕨𝕓𝕦𝕕𝕘𝕖𝕥𝕖𝕩𝕚𝕤𝕥𝕖𝕟𝕔𝕖":168.10000000000005,"Champ1432":28.35,"Brilliant Defensive Mind":13,"Tracy":57,"halfstack":1,"austin63867":88.1,"Blocks":69.69999999999996,"dumbmatter":278.35,"Balloon":42,"Gene":-34.05000000000001,"BRUH?":1,"Kevin Durant":59.5,"JayBee":30,"Durian":21,"nicidob":526.4500000000002,"Spiderchicken9":7.999999999999999,"adam silver":13.75,"syebana":15.15,"xndrew05":58.25,"pistons":10.2,"GradyMcTracy":117.1,"Young Simba":69.85,"Ben (Fire Terry Stotts)":1,"CaptainCucker":16,"Stxven":1,"LionKing101":242.59999999999994,"StevenConrad":6,"jicem":144.9,"AarKnife the 🐐":3,"reina":66.60000000000001,"RWBYhater (Val)":40,"jz13":7,"PowerSteam":151.49999999999994,"Orioles2014":26.799999999999997,"AtomicDelirium":79.85,"kojak":17,"jaymoney2021":1,"BoiledEggRoll":2,"Eddy":3,"wagalien":58.20000000000001,"YTS":26,"Daniel":4,"Woj":163.95,"Random, the Deranged Bird":57.800000000000004,"DAME":28,"louie montana":10,"bunta":6,"CheapsculptureTAG":11,"Lebby":20,"Simulation Central YT":79.2,"FeaturingDark":48.80000000000001,"astupidwerewolf":4,"smug gorilla":111.1,"DaGOAT101":21.650000000000002,"Mo":2,"geonerd":-51.25,"Beerus Be Insane tho 🔥":22,"SuperSaiyan15":6,"CF Rip Kobe Bryant":15,"KC24":24.05,"barrett50cal780":6,"Fingal":1,"two Gurley’s one Kupp":1,"42theanswer":16,"lam_chop19":4,"SelfMadeStealth":32.050000000000004,"Kosciuszko":43.7,"OC_Hespera":29.549999999999997,"Aton837":13.75,"Slax":1,"Tilt":1,"ΚΩΕΝ":1,"nemolee.exe":1,".everyone":1,"Peabody Express":4,"iLiKeLaZeRz":41.500000000000014,"ChocolateSoda":2,"Baby 50 Cent":1,"AJ":5,"dicky mcgeezaks":3,"BKinney":1,"chief":2,"Black Flag Max Ⓐ":17.599999999999998,"jpu":-8,"Jack Barraud":1,"Threes > Twos":10,"roobi":16.7,"Gladiator404":18,"oliverlmao":1,"EMONEY12":49.449999999999996,"Bacon":11,"JackAttack9105":2,"calebhcavs6":-12,"mestizhoe":2,"RMTGoat":6,"Jake*":7.55,"ryan lol":2,"Thicc":6.4,"YoungBurgerPatty":15,"boimenred":11,"Jacketh":1,"Enzo":2,"Shady5416":7,"OxfyzKND":3,"drake":1,"conantroutmann":2,"jadeniscool30":12,"shep":4,"Marcus.":2.8499999999999996,"light":-12,"Loading":9.55,"Joshuaw1124":1,"KingLexgoat223":3,"shakur":-115.44999999999999,"everest":3.5,"Monte":2,"Go_Terence_Davis(Raptors)":49,"b i g b e r t h a (AOBOY)":24,"Samurai315":16.500000000000004,"ben J A M in":25,"ckl2112":3,"The_Slojoe":64.45,"Artemus2021":2,"Harv":1,"yaboisimon":7,"KIRT":3.4,"NotJayy":1,"=)":8,"Moussa":1,"cumnugget":8.45,"Cubzlover84":2,"Fry Bandit":74.9,"hunnit?":2,"Melo":1,"Stanners":1,"mysterio":1,"MarcerMercer":-10,"jesuspiece":1.3,"Optimalbeast13":6,"njdcat":2.95,"ArcAngelX":6,"wahoo":8.4,"Tim-Duncan21":2,"Bob Ross":2,"Pats":1,"Chaoss":8.3,"fowad":6,"BlockboyMC":8,"Baby Dr. Dre":1,"Jomosensual":4,"Jlebron13":24,"kotov":11,"Jeff Loldee":1,"Marcopolo325":1,"TarikAtakan":2,"ninjasean56":1,"Eris":121.39999999999998,"Khalil":3,"localmomhere":5.75,"MoeyMelon":0.85,"SirLameGame":21.4,"Robbyhead":5,"Freddie":5,"Beal〤Waston":1.65,"dargamak":7.25,"MystBZ":1.65,"[ MLG ] mishaudu100":1.1,"Darkhour":1.35,"Hollow":6.75,"RWBYaddict":5,"jgriff":3.15,"Triumph":1.1,"Lil Nas X G.O.A.T. 🐐":5,"Skanda":11.5}}