{"bbgmDiscord":{"doobie mugi":33.89999999999999,"YTS":4.85,"Gene":3.9000000000000004,"Ran-dumb_Person":27.349999999999998,"nicidob":365.7999999999999,"alphy":5.300000000000001,"Champ1432":4.449999999999999,"MugiBot":0,"CaptainCucker":10.35,"roobi":3,"Black Flag Max â’¶":3,"Samurai315":1.2,"ClevelandFan":150.89999999999992,"LionKing101":8.75,"everest":3,"Kosciuszko":13.450000000000001,"blueblase":21.55,"adam silver":3,"Skanda":158.14999999999995,"ğ•ğ• ğ•¨ğ•“ğ•¦ğ••ğ•˜ğ•–ğ•¥ğ•–ğ•©ğ•šğ•¤ğ•¥ğ•–ğ•Ÿğ•”ğ•–":6.849999999999998,"austin63867":5,"FeaturingDark":14,"Durian":6,"Dabbinho":71.75000000000001,"MarksmanPlays":-41.95,"dumbmatter":53.699999999999996,"whitecow":35.050000000000004,"Goat_Status_19":15.549999999999999,"Jake*":6.25,"kaaa43":0.2,"AJ":3.0999999999999996,"syebana":33.150000000000006,"Woj":2.95,"SuperSaiyan15":1.7,"BlockboyMC":6.25,"Marcus.":0.1,"iLiKeLaZeRz":3,"lewie100":11.05,"alexnoob":31.9,"Grim Reaper":17.15,"GradyMcTracy":3.1,"EMONEY12":3.15}}