{"bbgmDiscord":{"doobie mugi":404.54999999999995,"YTS":14.899999999999999,"Gene":21.999999999999996,"Ran-dumb_Person":37.800000000000004,"nicidob":512.75,"alphy":72.19999999999996,"Champ1432":79.25,"MugiBot":138.3,"CaptainCucker":10.35,"roobi":3,"Black Flag Max Ⓐ":15.45,"Samurai315":1.2,"ClevelandFan":220.10000000000002,"LionKing101":146.84999999999994,"everest":4.55,"Kosciuszko":73.25,"blueblase":21.55,"adam silver":3.9,"Skanda":158.14999999999995,"𝕝𝕠𝕨𝕓𝕦𝕕𝕘𝕖𝕥𝕖𝕩𝕚𝕤𝕥𝕖𝕟𝕔𝕖":93.5,"austin63867":20.15,"FeaturingDark":50.15,"Durian":12.8,"Dabbinho":71.75000000000001,"MarksmanPlays":-41.95,"dumbmatter":135.19999999999996,"whitecow":74.35000000000001,"Goat_Status_19":21.7,"Jake*":10.949999999999998,"kaaa43":0.2,"AJ":3.0999999999999996,"syebana":33.150000000000006,"Woj":69,"SuperSaiyan15":2,"BlockboyMC":6.25,"Marcus.":0.25,"iLiKeLaZeRz":3,"lewie100":82.74999999999999,"alexnoob":316.5,"Grim Reaper":101.9,"GradyMcTracy":21.749999999999996,"EMONEY12":11.450000000000001,"CF Rip Kobe Bryant":2.45,"Kevin Durant":0.1000000000000032,"oliveira":7.5,"Threes > Twos":39.80000000000001,"jpu":31.499999999999996,"Triumph":5.15,"xndrew05":1.7000000000000002,"Aton837":-34.55,"Spiderchicken9":59.10000000000001,"MoistenedWah":2.5,"CheapsculptureTAG":3,"sjsjsjsj":-13.399999999999999,"Blocks":131.84999999999994,"Eddy":3,"The_Slojoe":1.8,"MarcerMercer":2.45,"uoɯǝp ǝɓɐʇS":0.25,"DaGOAT101":18.25,"blast":44.6,"MegaMac26":-19.250000000000004,"SelfMadeStealth":8.35,"Kinglizard 🦃🦃🦃🦃🦃":3,"Pats":4.45,"DAME":23.400000000000002,"WabbitSeason":1,"Random, the Deranged Bird":10.45,"TheBlueBananaBoat":6,"astupidwerewolf":15.450000000000001,"Fry Bandit":22.8,"StarFyre":3,"HappySunsFan":0,"// El Griegongolongo //":13.400000000000002,"Thicc":7.3500000000000005,"Cubzlover84":35.099999999999994,"KC24":45.24999999999999,"Soularion":3,"Dalphix":5.15,"Taz":0.6,"Eris":0.55,"Young Simba":96.7999999999999,"ryan lol":0.6000000000000001,"Carl-bot":3,"Brilliant Defensive Mind":3,"RWBYhater (Val)":63.94999999999999,"JayBee":5.749999999999998,"jicem":70.04999999999998,"geonerd":16.5,"TarikAtakan":3,"Beerus Be Insane tho 🔥":14.799999999999999,"Ben,":3.0999999999999996,"Bob Ross":1,"Robbyhead":2.7,"Chaoss":5.25,"wagalien":6.300000000000001,"KIRT":2.75,"kotov":3,"AtomicDelirium":16.65,"smug gorilla":9.35,"LAKERIN6":0.9,"bunta":13.700000000000001,"Mike Hill":3.3,"BKinney":1.9500000000000002,"Stxven":2.1,"Melo":32.949999999999996,"Fingal":0.95,"shep":3,"wiIIy":3,"shakur":4.000000000000001,"ben J A M in":29.35,"Orioles2014":1.45,"Gladiator404":1.35,"Shady5416":5.85,"jz13":3,"Ĥayato":3,"OC_Hespera":2,"slammo98":-7.3,"Simulation Central YT":17.1,"TheRealGWood":6}}