{"bbgmDiscord":{"doobie mugi":0,"YTS":49.150000000000006,"Gene":63.54999999999998,"Ran-dumb_Person":103.3,"nicidob":782.8499999999998,"alphy":115.39999999999992,"Champ1432":342.2,"MugiBot":203.3,"CaptainCucker":10.35,"roobi":14.049999999999999,"Black Flag Max Ⓐ":15.45,"Samurai315":1.2,"ClevelandFan":288.4,"LionKing101":212.49999999999994,"everest":4.55,"Kosciuszko":81.10000000000001,"blueblase":21.55,"adam silver":10,"Skanda":158.14999999999995,"𝕝𝕠𝕨𝕓𝕦𝕕𝕘𝕖𝕥𝕖𝕩𝕚𝕤𝕥𝕖𝕟𝕔𝕖":181.15000000000003,"austin63867":20.94,"FeaturingDark":56.45,"Durian":20.450000000000003,"Dabbinho":71.75000000000001,"MarksmanPlays":-41.95,"dumbmatter":196.94999999999996,"whitecow":128.35000000000002,"Goat_Status_19":117.5,"Jake*":13.499999999999996,"kaaa43":0.2,"AJ":3.0999999999999996,"syebana":119.65000000000002,"Woj":129.44999999999996,"SuperSaiyan15":4.25,"BlockboyMC":6.25,"Marcus.":0.25,"iLiKeLaZeRz":58.90000000000003,"lewie100":0,"alexnoob":389.8499999999997,"Grim Reaper":135,"GradyMcTracy":29.749999999999996,"EMONEY12":7.800000000000013,"CF Rip Kobe Bryant":8.150000000000002,"Kevin Durant":12.900000000000004,"oliveira":7.5,"Threes > Twos":88.15000000000005,"jpu":128.5,"Triumph":22.3,"xndrew05":2.8000000000000003,"Aton837":-28.299999999999997,"Spiderchicken9":72.89999999999999,"MoistenedWah":18.2,"CheapsculptureTAG":3,"sjsjsjsj":0.250000000000002,"Blocks":163.0499999999999,"Eddy":3,"The_Slojoe":19.299999999999994,"MarcerMercer":2.45,"uoɯǝp ǝɓɐʇS":0.25,"DaGOAT101":18.25,"blast":54.1,"MegaMac26":-19.250000000000004,"SelfMadeStealth":8.35,"Kinglizard 🦃🦃🦃🦃🦃":3,"Pats":7.1,"DAME":42.2,"WabbitSeason":1,"Random, the Deranged Bird":28.3,"TheBlueBananaBoat":9,"astupidwerewolf":50.099999999999994,"Fry Bandit":73.85,"StarFyre":3,"HappySunsFan":0,"// El Griegongolongo //":13.400000000000002,"Thicc":-9.799999999999997,"Cubzlover84":35.099999999999994,"KC24":60.449999999999996,"Soularion":3,"Dalphix":5.15,"Taz":0.6,"Eris":9.950000000000001,"Young Simba":61.44999999999989,"ryan lol":0.6000000000000001,"Carl-bot":9,"Brilliant Defensive Mind":38.30000000000001,"RWBYhater (Val)":63.94999999999999,"JayBee":26.65,"jicem":74.84999999999998,"geonerd":74.44,"TarikAtakan":3,"Beerus Be Insane tho 🔥":44.84999999999999,"Ben,":16.9,"Bob Ross":1,"Robbyhead":8.5,"Chaoss":5.25,"wagalien":10.05,"KIRT":10.55,"kotov":3,"AtomicDelirium":39.10000000000001,"smug gorilla":28.549999999999997,"LAKERIN6":0.9,"bunta":20.55,"Mike Hill":3.3,"BKinney":1.9500000000000002,"Stxven":2.1,"Melo":32.949999999999996,"Fingal":0.95,"shep":3,"wiIIy":3,"shakur":4.000000000000001,"ben J A M in":29.35,"Orioles2014":3.0999999999999996,"Gladiator404":4.8500000000000005,"Shady5416":5.85,"jz13":3,"Ĥayato":3,"OC_Hespera":2,"slammo98":-3.25,"Simulation Central YT":96.5,"TheRealGWood":34.2,"Peabody Express":9.799999999999999,"Master Oogway":-13.850000000000001,"Optimalbeast13":0.25,"Loading":1.55,"Napalm":3.3,"reina":4.75,"Topies":0.75,"cayrae":3,"NotLaZeRz":3.05,"Buck":4.25,"RWBYaddict":5.2,"Chum":2.5,"Aeryus":1.4,"mysterio":3,"Tracy":0.15,"koolfly":4.95,"Chase5140707":-18.6,"boimenred":-16.6,"Slaughtergang21":3,"Jet":2.65,"Idhant Jena":3.8000000000000003,"Jeff K":4.7,"pistons":0.85,"trevanbaxter":5.5,"PeruvianCHikEn":1.3,"louie montana":5.35,"darwin":3.55,".everyone":1.55,"BRUH?":2.5,"drake":2.25,".JJ":0.15,"ben.":6,"Artemus2021":1.65,"AnimeIsAss":4.5,"hmmm":3.75,"KingLexgoat223":3.05,"Vaughn":3.45,"Onion Man":44.949999999999996,"dargamak":3,"Cadillac":0.6,"mateja":3.75,"Freddie":3,"Yum":7.3,"Marz Hoops":1.45,"TaakoKaat":6.45,"Oshaya":3}}