{"bbgmDiscord":{"doobie mugi":983.9506771816045,"bossboy271":515.9745019507657,"KyleMgobozi89":1.9,"JayBee":70.33584,"sjsjsjsj":52.50000000000001,"EMONEY12":806.1385251664543,"BIGDICKBOI":8.85,"lewie100":335.6968606316063,"whitecow":137.65,"TopShaggerGomlen":4.35,"Simulation Central YT":530.4543501398734,"MugiBot":188.40000000000003,"Threes > Twos":64.30000000000001,"Kevin Durant":54.00000000000002,"DashxSF":73,"juice":2.75,"OC_Hespera":203.70000000000002,"Ran-dumb_Person":773.3584969842219,"Austin Feng":763.9826390336157,"astupidwerewolf":673.9135562480461,"Newer act":0,"Tilt":5.45,"- Grimz 🖤🖤":3.85,"Gladiator404":169.64799999999994,"Eddy":83.60000000000001,"Woj":448.7999999999998,"Carl-bot":8.100000000000001,"Triumph":35.24999999999999,"geonerd":1000.0893419384768,"austin63867":591.9999999999999,"ClevelandFan":1022.6898830647226,"Jake*":66.64999999999999,"Tim-Duncan21":3,"alphy":488.69999999999976,"LionKing101":473.7906859547552,"Orioles2014":247.3149474457563,"dumbmatter":1408.0758918006784,"CaptainCucker":15.25,"Grim Reaper":362.0199999999999,"smug gorilla":4.899999999999993,"alexnoob":686.3683433397682,"Yum":15.15,"𝕝𝕠𝕨𝕓𝕦𝕕𝕘𝕖𝕥𝕖𝕩𝕚𝕤𝕥𝕖𝕟𝕔𝕖":778.280121766987,"Goat_Status_19":499.9999999999998,"Brilliant Defensive Mind":634.6364411639935,"Eris":16.400000000000002,"bossboy27111":0,"QuinTom":257.00000000000006,"TheRealGWood":534.7499999999999,"AtomicDelirium":161.94999999999993,"Cubzlover84":113.45,"ben J A M in":59.3,"MoistenedWah":39.300000000000004,"jicem":324.75,"SelfMadeStealth":31.6,"DAME":75.5,"shakur":41,"syebana":72.89999999999999,"JaylenDaDemon":172.47005183740708,"ΚΩΕΝ":22.249999999999996,"Fry Bandit":511.34999999999997,"reina":46.14999999999999,"everest":411.60308410316117,"blueblase":296.9,"LSD":6.6,"FeaturingDark":200.14999999999995,"xndrew05":38.800000000000004,"GradyMcTracy":42.150000000000006,"iLiKeLaZeRz":156.65,"Blocks":447.2924524551168,"Goose":5.300000000000001,"Samurai315":40.99999999999999,"Beaser":1.1,"ACoke121":11,"沃尔玛卡特":3.1999999999999997,"xsjack":9.25,"Champ1432":63.600000000000016,"Poni":0,"Dyno":0,"Chum":28.45,"cole":12.350000000000003,"Durian":170.60000000000005,"Slax":9.55,"Random, the Deranged Bird":99.2629437924738,"Jlebron13":19.45,"YTS":27.7,"radiocreme":0.35,"ninjasean65":8.05,"cumnugget":0,"Gene":34.499999999999986,"boimenred":78.35000000000002,"Kensleyn32":1.9999999999999998,"ckl2112":15,"Lebby":3,"light":197.45000000000002,"The real julianator":0.1,"dedytime":3.0470400000000004,"Morphical":19.3,"Flame4Game":27.75,"Peabody Express":1.4,"ver":9.85,"kotov":49.4,".everyone":18.2,"KC24":28.89999999999999,"henry2k":2.1500000000000004,"da_dman172":37.85000000000001,"ene618":69.85,"KingLexgoat223":36,"blackleprechaun3":6.1,"dray":1.5,"Thicc":29.750000000000004,"Beaser 💍💍💍":8,"// El Griegongolongo //":5.95,"hunnit?":2.6500000000000004,"FOG_Cand":9.75,"YoungBoyFan":35.949999999999996,"MarcusFrmDaVille":14.75,"wahoo":9.9,"chief":192.94999999999996,"Ethanol":28.949999999999996,"SNC":77.10000000000001,"ben.":6.300000000000001,"Captain Price(Capalot)":74.35000000000001,"Strizh42":3.1,"MystBZ":19.45,"Marz Hoops":17.75,"two Gurley’s one Kupp":6.85,"D'Mario":21.000000000000004,"Dash":0.5,"Spiderchicken9":34.60000000000001,"adam silver":36.25,"Dylan / WarZ":104.50000000000001,"conantroutmann":29.499999999999996,"Pats":9.350000000000001,"Creatør":0.75,"PeruvianCHikEn":13.700000000000003,"The_Slojoe":25,"Black Flag Max Ⓐ":243.09999999999994,"Loading":58.650000000000006,"jadeniscool30":5.65,"Beerus Be Insane tho 🔥":236.35000000000002,"AfterHours":21.049999999999997,"SuperSaiyan15":0.55,"RMTGoat":4,"Taz":93.04999999999998,"LyricalMiracle":12.55,"jpu":8.65,"3cardblindbot":12.649999999999999,"Ricky Lafleur":3.9499999999999997,"JusJay":28.299999999999997,"JelloClover":4.6,"aster":1.25,"JAQUAN":10.2,"StevenConrad":13.15,"fireonice":4.75,"YouDareDefyMe?":116.99999999999999,".JJ":5.25,"Hollow":63.30000000000002,"yeeeeeeeeeeeeeeeeeeeeeeeeet":20.000000000000004,"TedBwo17":2.1,"The Slasher Sanitarium - Troy":10.25,"uɐʇɹɐdS":313.1,"NagaSupportPlayer":28,"nolan":84.45,"justajoke23":13.399999999999999,"Eldoggo0823":6.25,"grassroots":2.85,"BKinney":26.75,"baggypantsman":13.350000000000001,"LouisCypher":0.1,"MarcerMercer":12.7,"KobeBryantForever":6,"Asiriath":271.9000000000001,"JediPieman63":10.45,"Buck":16,"ZROM ツ":2,"shep":2,"Chaos":224.44999999999993,"YoungBurgerPatty":2.2,"Melo":0.75,"Yy":29.349999999999998,"Ainsley":16.55,"bunta":24.049999999999997,"Freddie":14,"Arizona Tooth":75.94999999999999,"KIRT":26.1,"darwin":0.05,"zzzzzzz":32.35,"SmileyOaks":0.25,"Gino":335.05000000000007,"CheapsculptureTAG":2.15,"MrMysty":182.49999999999991,"jesuspiece":4.85,"Seattle Cyclones":57.4,"A non alt account":1,"A_Singular_Period":5.449999999999999,"CyrusLand":4.6,"nhlbeastmode_7777":23.449999999999996,"diceycloth":0.2,"ChocolateSoda":23.099999999999998,"icyice69":10.65,"PowerSteam":4.35,"bananabuser":8.65,"Jae'Sean Tate Future MVP":59.20000000000002,"Kingkrab":32.349999999999994,"SirLameGame":129.69084938135484,"Matthew":2.45,"BillyPap47":1.05,"dpm33":4.55,"Malik Monk":4.2,"Nick the Greatest":823.0042624636028,"TaakoKaat":3.9,"not Ebyn but Ebyn is so cool":265.70000000000005,"JackAttack9105":9.9,"Cadillac":0.55,"advilcanada":2.5,"Fingal":42.35,"JunkoBunko":0.95,"koolfly":10.299999999999999,"JDOTDO":38.550000000000004,"Harv":8,"Aton837":12.4,"Abdul":91.89999999999999,"FleecerDaGoat":18.049999999999997,"Enzo":15.200000000000001,"TKILLAT":27.800000000000004,"Melo De’Illest":33.75,"TruthOrIdeals":261.3500000000001,"Maple":1.05,"Optimalbeast13":29.000000000000004,"Jet":2.5,"Topies":7.15,"Itachi Be Lit":213.4499999999999,"pistons":0.15000000000000002,"Slim Shady":13.7,"kermit.":0.1,"Frankfurt":39.95,"whoopty":6.699999999999999,"joedirt900":7,"reshirai":167.45000000000002,"SALgn24":9.85,"Bacon":0.7000000000000001,"Maplé":3.5,"Marcopolo325":3.9,"Bellwood":3.4,"Yonavilla":8.95,"Moussa":3.2,"Mega":6.85,"Dr Salt":9.55,"AJ":3.2,"Benn3k":2.45,"pattymills581":2.05,"Slaughteropps21":3.2,"MrDukeSilver":2.05,"uzziinotagain":2.3,"JeffyPaul":0.1,"ryan lol":4.05,"frostedflakes1886":56.74999999999999,"Will be back soon (Beaser)":5.25,"Ra98":10.8,"Nati - Хан баскетбол":9.8,"MrSparlkeFairy69":26.7,"mightyhorse11":8,"Baby Drake":0.1,"chiefs fan":1.7999999999999998,"Artemus2021":4.05,"Wood":2.1,"Summer":8.9,"radiocreme (high and dry)":19.650000000000002,"thechosenone824":7.550000000000001,"Wot in Tarnation":10.65,"188530356394131456":0,"725808433080696842":0,"731192685293207552":0,"localmomhere":2.45,"226132849038852097":0,"A Law":3.8,"443583939207233536":0,"625806545610997762":0,"754910159826059326":0,"Kosciuszko":10.95,"Gnome":0.6,"750790681014042695":0,"My3r's Father":7.05,"349269115472576514":0,"maz †":3.05,"577949882069942272":0,"330527691562287105":0,"594584691617693699":0,"louie montana":70.77889520793161,"dylian":5.15,"imma_lord":8,"725891091085262918":0,"335593082441433088":0,"kel":9.5,"707944941644546078":0,"oliveira":34.199999999999996,"✧〙roobi〘 ✧":11.1,"masu94":20,"phishstx":3.25,"CJPagey22":233.34999999999994,"- Grimz official":0.35,"I am Me":2.5999999999999996,"Tiko":5.05,"Vishu":1.45,"lol.k":48.34999999999999,"NotYouAverageFlight":35.00000000000001,"NotYourAverageFlight":47.800000000000004,"RWBYaddict":5.55,"Confuzzleinator":1.3,"Aquaa":8,"Ben,":8,"Panda.":12.8,"MJfrmMurderCity":8,"Napalm":4.75,"Vaughn":6.3,"297676924073803776":0,"Idhant Jena":1.4,"CarlWheezer":25.450000000000003,"739562723896983552":0,"Ca$hMooney11":7.36,"512343467977080833":0,"b i g b e r t h a (AOBOY)":3.85,"AarKnife the 🐐":0.3,"StoneColdBelli":1.25,"sinefil31":3.8,"ίʋ𝔂":4.5,"103706496017133568":0,"wololo":4.95,"RMTGames":9.8,"Radric Delantic Davis II":1.7999999999999998,"451852927494127636":0,"lukesidaway":4.1,"596835830203416585":0,"Stephen A. Smith":8,"Fig Smoke":8.1,"icon":3},"coinFlipChance":0.5700000000000001}