{"bbgmDiscord":{"doobie mugi":881.1601367075755,"bossboy271":540.9745019507657,"KyleMgobozi89":1.9,"JayBee":326.39340632967026,"sjsjsjsj":52.50000000000001,"EMONEY12":761.1465339215272,"BIGDICKBOI":8.85,"lewie100":863.7362646521888,"whitecow":192.75,"TopShaggerGomlen":4.35,"Simulation Central YT":855.2233979033749,"MugiBot":673.9328337969804,"Threes > Twos":86.19999999999999,"Kevin Durant":54.00000000000002,"DashxSF":91.05000000000001,"juice":2.75,"OC_Hespera":212.04999999999998,"Ran-dumb_Person":719.4597297917817,"Austin Feng":763.9826390336157,"astupidwerewolf":874.0022218074625,"Newer act":0,"Tilt":108.65374482381696,"- Grimz 🖤🖤":3.85,"Gladiator404":169.64799999999994,"Eddy":88.35,"Woj":754.3000000000006,"Carl-bot":15.150000000000002,"Triumph":40.59999999999999,"geonerd":824.6311064609527,"austin63867":620.85,"ClevelandFan":880.4781554739611,"Jake*":75.9,"Tim-Duncan21":11,"alphy":712.7999999999997,"LionKing101":767.1791289181713,"Orioles2014":470.6149474457562,"dumbmatter":1497.917110819368,"CaptainCucker":15.25,"Grim Reaper":657.9200000000001,"smug gorilla":6.599999999999992,"alexnoob":735.9128758725865,"Yum":29.65,"𝕝𝕠𝕨𝕓𝕦𝕕𝕘𝕖𝕥𝕖𝕩𝕚𝕤𝕥𝕖𝕟𝕔𝕖":873.9301217669874,"Goat_Status_19":531.6499999999996,"Brilliant Defensive Mind":705.4362618645134,"Eris":19.700000000000003,"bossboy27111":0,"QuinTom":267.50000000000006,"TheRealGWood":702.4999999999998,"AtomicDelirium":187.69999999999996,"Cubzlover84":131.6,"ben J A M in":62.8,"MoistenedWah":48.55000000000001,"jicem":396.59999999999997,"SelfMadeStealth":70.10000000000001,"DAME":75.5,"shakur":46.8,"syebana":74.6,"JaylenDaDemon":172.47005183740708,"ΚΩΕΝ":67.05000000000001,"Fry Bandit":589.2999999999998,"reina":72.39999999999999,"everest":595.3578028133811,"blueblase":302.19999999999993,"LSD":6.6,"FeaturingDark":200.14999999999995,"xndrew05":77.44999999999999,"GradyMcTracy":42.150000000000006,"iLiKeLaZeRz":248.45000000000005,"Blocks":519.5424524551167,"Goose":5.300000000000001,"Samurai315":44.25,"Beaser":4.25,"ACoke121":11,"沃尔玛卡特":3.1999999999999997,"xsjack":9.25,"Champ1432":190.35,"Poni":0,"Dyno":0,"Chum":28.45,"cole":12.350000000000003,"Durian":201.25000000000003,"Slax":14.4,"Random, the Deranged Bird":121.71294379247378,"Jlebron13":39.49999999999999,"YTS":36.7,"radiocreme":0.35,"ninjasean65":14.1,"cumnugget":0,"Gene":34.499999999999986,"boimenred":92.35000000000002,"Kensleyn32":1.9999999999999998,"ckl2112":26.349999999999998,"Lebby":3,"light":197.45000000000002,"The real julianator":0.1,"dedytime":3.0470400000000004,"Morphical":19.3,"Flame4Game":27.75,"Peabody Express":12.250000000000002,"ver":9.85,"kotov":53.45,".everyone":22.15,"KC24":67.49999999999999,"henry2k":2.1500000000000004,"da_dman172":45.250000000000014,"ene618":103.7,"KingLexgoat223":43.55,"blackleprechaun3":6.1,"dray":1.5,"Thicc":56.800000000000026,"Beaser 💍💍💍":8,"// El Griegongolongo //":17.450000000000003,"hunnit?":2.6500000000000004,"FOG_Cand":14.1,"YoungBoyFan":35.949999999999996,"MarcusFrmDaVille":14.75,"wahoo":17.9,"chief":222.74999999999994,"Ethanol":28.949999999999996,"SNC":77.10000000000001,"ben.":33.85,"Captain Price(Capalot)":140.65,"Strizh42":3.1,"MystBZ":19.45,"Marz Hoops":17.75,"two Gurley’s one Kupp":14.85,"D'Mario":31.600000000000005,"Dash":0.5,"Spiderchicken9":38.60000000000001,"adam silver":36.25,"Dylan / WarZ":107.70000000000002,"conantroutmann":29.499999999999996,"Pats":9.350000000000001,"Creatør":0.75,"PeruvianCHikEn":13.700000000000003,"The_Slojoe":25,"Black Flag Max Ⓐ":259.24999999999994,"Loading":58.650000000000006,"jadeniscool30":8.8,"Beerus Be Insane tho 🔥":236.35000000000002,"AfterHours":21.049999999999997,"SuperSaiyan15":1.5999999999999999,"RMTGoat":4,"Taz":93.04999999999998,"LyricalMiracle":15.65,"jpu":43.35,"3cardblindbot":12.649999999999999,"Ricky Lafleur":3.9499999999999997,"JusJay":28.299999999999997,"JelloClover":29.349999999999998,"aster":3.7,"JAQUAN":10.2,"StevenConrad":13.15,"fireonice":4.75,"YouDareDefyMe?":116.99999999999999,".JJ":5.25,"Hollow":70.80000000000001,"yeeeeeeeeeeeeeeeeeeeeeeeeet":20.000000000000004,"TedBwo17":2.1,"The Slasher Sanitarium - Troy":21.150000000000002,"uɐʇɹɐdS":313.1,"NagaSupportPlayer":28,"nolan":84.45,"justajoke23":13.399999999999999,"Eldoggo0823":6.25,"grassroots":2.85,"BKinney":26.75,"baggypantsman":13.350000000000001,"LouisCypher":0.1,"MarcerMercer":18.7,"KobeBryantForever":7.199999999999999,"Asiriath":279.9000000000001,"JediPieman63":10.45,"Buck":19.850000000000005,"ZROM ツ":2,"shep":10,"Chaos":267.6499999999999,"YoungBurgerPatty":2.2,"Melo":0.75,"Yy":29.349999999999998,"Ainsley":16.55,"bunta":24.049999999999997,"Freddie":14,"Arizona Tooth":75.94999999999999,"KIRT":34.949999999999996,"darwin":0.05,"zzzzzzz":32.35,"SmileyOaks":0.25,"Gino":352.1000000000001,"CheapsculptureTAG":2.15,"MrMysty":190.69999999999993,"jesuspiece":4.85,"Seattle Cyclones":65.4,"A non alt account":1,"A_Singular_Period":5.449999999999999,"CyrusLand":4.6,"nhlbeastmode_7777":23.449999999999996,"diceycloth":0.2,"ChocolateSoda":48.89999999999999,"icyice69":10.65,"PowerSteam":10.799999999999999,"bananabuser":8.65,"Jae'Sean Tate Future MVP":59.20000000000002,"Kingkrab":32.349999999999994,"SirLameGame":129.69084938135484,"Matthew":2.7,"BillyPap47":1.05,"dpm33":4.55,"Malik Monk":4.2,"Nick the Greatest":823.0042624636028,"TaakoKaat":3.9,"not Ebyn but Ebyn is so cool":278.25,"JackAttack9105":9.9,"Cadillac":0.55,"advilcanada":15.15,"Fingal":182.75,"JunkoBunko":0.95,"koolfly":10.749999999999998,"JDOTDO":38.550000000000004,"Harv":8,"Aton837":12.4,"Abdul":112.14999999999998,"FleecerDaGoat":18.049999999999997,"Enzo":15.200000000000001,"TKILLAT":27.800000000000004,"Melo De’Illest":46.5,"TruthOrIdeals":261.3500000000001,"Maple":1.05,"Optimalbeast13":34.300000000000004,"Jet":10.15,"Topies":7.15,"Itachi Be Lit":425.95000000000016,"pistons":15.45,"Slim Shady":13.7,"kermit.":0.1,"Frankfurt":39.95,"whoopty":8.45,"joedirt900":7,"reshirai":195,"SALgn24":9.85,"Bacon":0.7000000000000001,"Maplé":11.95,"Marcopolo325":13.7,"Bellwood":3.4,"Yonavilla":8.95,"Moussa":3.2,"Mega":6.85,"Dr Salt":9.55,"AJ":3.2,"Benn3k":8.8,"pattymills581":2.05,"Slaughteropps21":4.75,"MrDukeSilver":2.05,"uzziinotagain":3.9499999999999997,"JeffyPaul":0.1,"ryan lol":4.1499999999999995,"frostedflakes1886":56.74999999999999,"Will be back soon (Beaser)":5.25,"Ra98":10.8,"Nati - Хан баскетбол":9.8,"MrSparlkeFairy69":26.7,"mightyhorse11":8,"Baby Drake":0.65,"chiefs fan":1.7999999999999998,"Artemus2021":4.05,"Wood":2.1,"Summer":8.9,"radiocreme (high and dry)":19.650000000000002,"thechosenone824":7.550000000000001,"Wot in Tarnation":10.65,"188530356394131456":0,"725808433080696842":0,"731192685293207552":0,"localmomhere":6.75,"226132849038852097":0,"A Law":3.8,"443583939207233536":0,"625806545610997762":0,"754910159826059326":0,"Kosciuszko":10.95,"Gnome":0.6,"750790681014042695":0,"My3r's Father":7.05,"349269115472576514":0,"maz †":3.05,"577949882069942272":0,"330527691562287105":0,"594584691617693699":0,"louie montana":73.67889520793162,"dylian":5.15,"imma_lord":8,"725891091085262918":0,"335593082441433088":0,"kel":18.400000000000002,"707944941644546078":0,"oliveira":34.199999999999996,"✧〙roobi〘 ✧":25.250000000000004,"masu94":20,"phishstx":3.25,"CJPagey22":262.94999999999993,"- Grimz official":0.35,"I am Me":2.5999999999999996,"Tiko":5.05,"Vishu":1.45,"lol.k":48.34999999999999,"NotYouAverageFlight":35.00000000000001,"NotYourAverageFlight":66.35000000000002,"RWBYaddict":5.55,"Confuzzleinator":3.05,"Aquaa":8,"Ben,":8,"Panda.":12.8,"MJfrmMurderCity":8,"Napalm":4.75,"Vaughn":6.3,"297676924073803776":0,"Idhant Jena":1.4,"CarlWheezer":30.400000000000002,"739562723896983552":0,"Ca$hMooney11":105.30999999999997,"512343467977080833":0,"b i g b e r t h a (AOBOY)":3.85,"AarKnife the 🐐":3.6999999999999997,"StoneColdBelli":1.25,"sinefil31":7,"ίʋ𝔂":4.5,"103706496017133568":0,"wololo":4.95,"RMTGames":9.8,"Radric Delantic Davis II":1.7999999999999998,"451852927494127636":0,"lukesidaway":4.1,"596835830203416585":0,"Stephen A. Smith":8,"Fig Smoke":22,"icon":3,