{"bbgmDiscord":{"doobie mugi":"1485.311.35","YTS":52.10000000000002,"Gene":65.29999999999997,"Ran-dumb_Person":189.59999999999997,"nicidob":1063.7000000000007,"alphy":203.7499999999999,"Champ1432":378.1499999999999,"MugiBot":259.15,"CaptainCucker":10.35,"roobi":26.599999999999998,"Black Flag Max Ⓐ":15.45,"Samurai315":1.2,"ClevelandFan":130.79999999999998,"LionKing101":218.39999999999995,"everest":4.55,"Kosciuszko":89.10000000000001,"blueblase":26.25,"adam silver":10,"Skanda":158.14999999999995,"𝕝𝕠𝕨𝕓𝕦𝕕𝕘𝕖𝕥𝕖𝕩𝕚𝕤𝕥𝕖𝕟𝕔𝕖":331.4500000000002,"austin63867":10,"FeaturingDark":58.95,"Durian":23.050000000000004,"Dabbinho":71.75000000000001,"MarksmanPlays":-41.95,"dumbmatter":340.4499999999998,"whitecow":202.60000000000008,"Goat_Status_19":14.250000000000004,"Jake*":19.65,"kaaa43":0.2,"AJ":3.0999999999999996,"syebana":122.65000000000002,"Woj":150.64999999999995,"SuperSaiyan15":12.4,"BlockboyMC":6.25,"Marcus.":3.3,"iLiKeLaZeRz":101.10000000000002,"lewie100":15.000000000000004,"alexnoob":515.0499999999998,"Grim Reaper":167.54999999999998,"GradyMcTracy":24.5,"EMONEY12":29.900000000000013,"CF Rip Kobe Bryant":12.600000000000001,"Kevin Durant":16.550000000000004,"oliveira":7.5,"Threes > Twos":101.44999999999999,"jpu":162.5,"Triumph":81.54999999999997,"xndrew05":2.8000000000000003,"Aton837":-28.299999999999997,"Spiderchicken9":83.69999999999999,"MoistenedWah":18.2,"CheapsculptureTAG":3,"sjsjsjsj":0.250000000000002,"Blocks":53.79999999999998,"Eddy":4.05,"The_Slojoe":28.29999999999999,"MarcerMercer":2.45,"uoɯǝp ǝɓɐʇS":0.25,"DaGOAT101":18.25,"blast":54.1,"MegaMac26":-19.250000000000004,"SelfMadeStealth":13.85,"Kinglizard 🦃🦃🦃🦃🦃":3,"Pats":7.1,"DAME":61.20000000000001,"WabbitSeason":1,"Random, the Deranged Bird":8.649999999999995,"TheBlueBananaBoat":9,"astupidwerewolf":4,"Fry Bandit":96.04999999999998,"StarFyre":3,"HappySunsFan":0,"// El Griegongolongo //":13.400000000000002,"Thicc":-9.799999999999997,"Cubzlover84":35.099999999999994,"KC24":41.4,"Soularion":3,"Dalphix":5.15,"Taz":0.6,"Eris":-489.90000000000003,"Young Simba":53.19999999999988,"ryan lol":0.6000000000000001,"Carl-bot":9,"Brilliant Defensive Mind":47.30000000000001,"RWBYhater (Val)":63.94999999999999,"JayBee":33.75,"jicem":115.89999999999996,"geonerd":26.900000000000002,"TarikAtakan":3,"Beerus Be Insane tho 🔥":18.24999999999998,"Ben,":16.9,"Bob Ross":1,"Robbyhead":8.5,"Chaoss":8.25,"wagalien":48.54999999999998,"KIRT":15.600000000000001,"kotov":3,"AtomicDelirium":43.20000000000001,"smug gorilla":32.75,"LAKERIN6":4.05,"bunta":39.85,"Mike Hill":3.3,"BKinney":4.95,"Stxven":2.1,"Melo":32.949999999999996,"Fingal":0.95,"shep":11.749999999999998,"wiIIy":3,"shakur":4.000000000000001,"ben J A M in":44.25,"Orioles2014":0.349999999999973,"Gladiator404":4.8500000000000005,"Shady5416":5.85,"jz13":5,"Ĥayato":3,"OC_Hespera":-20.65,"slammo98":-3.25,"Simulation Central YT":105.25000000000009,"TheRealGWood":47.7,"Peabody Express":12.799999999999999,"Master Oogway":-4.200000000000003,"Optimalbeast13":0.25,"Loading":1.55,"Napalm":3.3,"reina":64.19999999999999,"Topies":0.75,"cayrae":3,"NotLaZeRz":3.05,"Buck":4.25,"RWBYaddict":5.2,"Chum":2.65,"Aeryus":1.4,"mysterio":7.25,"Tracy":0.15,"koolfly":4.95,"Chase5140707":-18.6,"boimenred":-12.3,"Slaughtergang21":3,"Jet":2.65,"Idhant Jena":9.75,"Jeff K":4.7,"pistons":3.85,"trevanbaxter":5.5,"PeruvianCHikEn":1.3,"louie montana":5.35,"darwin":3.55,".everyone":3.5999999999999996,"BRUH?":2.5,"drake":2.25,".JJ":0.15,"ben.":6,"Artemus2021":1.65,"AnimeIsAss":4.5,"hmmm":3.75,"KingLexgoat223":3.05,"Vaughn":3.45,"Onion Man":44.949999999999996,"dargamak":3,"Cadillac":0.6,"mateja":10.35,"Freddie":3,"Yum":7.3,"Marz Hoops":1.45,"TaakoKaat":6.45,"Oshaya":3,"The Slasher Sanitarium - Troy":47.29999999999999,"Bama no":3.25,"Tim-Duncan21":0.9,"DashxSF":10.649999999999999,"jadeniscool30":0.1,"Charles😳":39.49999999999999,"ArcAngelX":3,"Kingkrab":0.1,"Bacon":4.95,"cumnugget":7.500000000000001,"AarKnife the 🐐":-15.7,"TheReal":4.999999999999999,"Captain Price(Capalot)":12.35,"Vishu":3,"Jeff Loldee":6.4,"creme":3,"Percz⁹⁹⁹":3,"chief":7.95,"yeeeeeeeeeeeeeeeeeeeeeeeeet":2.85,"Depressed Dog Lover":16.6,"jaymoney2021":3,"plasio":3.8,"hunnit?":2.45,"Flame4Game":-53.199999999999996,"MalikDaDemon":7.3999999999999995,"DJLbaseball":-142.10000000000002,"Austin Feng":5.85,"lam_chop19":6,"shmurda":24.549999999999997,"baggypantsman":3,"Harv":3,"da_dman172":22.75,"JediPieman63":16.6,"Slaughteropps21":5.3,"LeBald James":2.2,".Kingz99":2.25}}