{"bbgmDiscord":{"doobie mugi":17259.600000000006,"YTS":340.35000000000014,"Gene":-48.50000000000002,"Ran-dumb_Person":7013.960000000001,"nicidob":2.3,"alphy":256.39999999999986,"Champ1432":367,"MugiBot":342.6,"CaptainCucker":10.35,"roobi":31.849999999999998,"Black Flag Max Ⓐ":17.45,"Samurai315":5,"ClevelandFan":11.750000000000002,"LionKing101":337.3499999999998,"everest":20.55,"Kosciuszko":97.60000000000001,"blueblase":45.25000000000001,"adam silver":10,"Skanda":158.14999999999995,"𝕝𝕠𝕨𝕓𝕦𝕕𝕘𝕖𝕥𝕖𝕩𝕚𝕤𝕥𝕖𝕟𝕔𝕖":1116.5500000000002,"austin63867":63.800000000000004,"FeaturingDark":20.85,"Durian":55.00000000000001,"Dabbinho":71.75000000000001,"MarksmanPlays":-41.95,"dumbmatter":35.55,"whitecow":252.0000000000001,"Goat_Status_19":100,"Jake*":37.949999999999996,"kaaa43":0.2,"AJ":3.0999999999999996,"syebana":125.65000000000002,"Woj":201.29999999999987,"SuperSaiyan15":19.7,"BlockboyMC":6.25,"Marcus.":6.299999999999999,"iLiKeLaZeRz":109.25000000000004,"lewie100":3,"alexnoob":5.8500000000000005,"Grim Reaper":32.44999999999999,"GradyMcTracy":68.35000000000001,"EMONEY12":40.85000000000001,"CF Rip Kobe Bryant":12.700000000000001,"Kevin Durant":29.55,"oliveira":7.5,"Threes > Twos":51.849999999999994,"jpu":5,"Triumph":90.89999999999995,"xndrew05":7,"Aton837":-22.299999999999997,"Spiderchicken9":210.14999999999995,"MoistenedWah":18.2,"CheapsculptureTAG":6.8,"sjsjsjsj":0.250000000000002,"Blocks":8.850000000000001,"Eddy":4.05,"The_Slojoe":33.999999999999986,"MarcerMercer":2.45,"uoɯǝp ǝɓɐʇS":0.25,"DaGOAT101":18.25,"blast":54.1,"MegaMac26":-19.250000000000004,"SelfMadeStealth":25.099999999999998,"Kinglizard 🦃🦃🦃🦃🦃":3,"Pats":7.1,"DAME":61.20000000000001,"WabbitSeason":1,"Random, the Deranged Bird":16.099999999999994,"TheBlueBananaBoat":9,"astupidwerewolf":1238,"Fry Bandit":-19,"StarFyre":3,"HappySunsFan":0,"// El Griegongolongo //":13.400000000000002,"Thicc":-9.799999999999997,"Cubzlover84":35.099999999999994,"KC24":3714.850000000001,"Soularion":-8.5,"Dalphix":5.15,"Taz":7.3999999999999995,"Eris":-661.6,"Young Simba":53.19999999999988,"ryan lol":0.6000000000000001,"Carl-bot":12,"Brilliant Defensive Mind":50.30000000000001,"RWBYhater (Val)":63.94999999999999,"JayBee":28.850000000000005,"jicem":139.69999999999993,"geonerd":22327.890000000007,"TarikAtakan":3,"Beerus Be Insane tho 🔥":44.99999999999998,"Ben,":24.9,"Bob Ross":1,"Robbyhead":8.5,"Chaoss":13.1,"wagalien":72.85,"KIRT":48.4,"kotov":3,"AtomicDelirium":56.350000000000016,"smug gorilla":109.14999999999999,"LAKERIN6":4.05,"bunta":39.85,"Mike Hill":3.3,"BKinney":8,"Stxven":2.1,"Melo":38.89999999999999,"Fingal":0.95,"shep":28.05,"wiIIy":3,"shakur":4.000000000000001,"ben J A M in":47.25,"Orioles2014":5,"Gladiator404":4.8500000000000005,"Shady5416":5.85,"jz13":5,"Ĥayato":3,"OC_Hespera":-20.65,"slammo98":-3.25,"Simulation Central YT":0,"TheRealGWood":88.14999999999999,"Peabody Express":12.799999999999999,"Master Oogway":19.649999999999995,"Optimalbeast13":1.7999999999999998,"Loading":1.55,"Napalm":6.3,"reina":53.64999999999996,"Topies":0.75,"cayrae":3,"NotLaZeRz":3.05,"Buck":6.1,"RWBYaddict":8.2,"Chum":2.65,"Aeryus":1.4,"mysterio":7.25,"Tracy":0.15,"koolfly":4.95,"Chase5140707":-18.6,"boimenred":-6.300000000000001,"Slaughtergang21":3,"Jet":4,"Idhant Jena":9.75,"Jeff K":4.7,"pistons":5.7,"trevanbaxter":5.5,"PeruvianCHikEn":1.3,"louie montana":5.35,"darwin":3.8499999999999996,".everyone":3.5999999999999996,"BRUH?":2.5,"drake":2.25,".JJ":0.15,"ben.":18,"Artemus2021":1.65,"AnimeIsAss":4.5,"hmmm":3.75,"KingLexgoat223":4.3,"Vaughn":3.45,"Onion Man":44.949999999999996,"dargamak":37.45,"Cadillac":0.6,"mateja":-20.549999999999997,"Freddie":3,"Yum":11.85,"Marz Hoops":8.05,"TaakoKaat":12.45,"Oshaya":3,"The Slasher Sanitarium - Troy":47.29999999999999,"Bama no":3.25,"Tim-Duncan21":0.9,"DashxSF":33.95,"jadeniscool30":2.5500000000000003,"Charles😳":39.49999999999999,"ArcAngelX":4.35,"Kingkrab":0.1,"Bacon":4.95,"cumnugget":7.500000000000001,"AarKnife the 🐐":3.6,"TheReal":4.999999999999999,"Captain Price(Capalot)":33.9,"Vishu":3,"Jeff Loldee":6.4,"creme":3,"Percz⁹⁹⁹":4.7,"chief":23.05,"yeeeeeeeeeeeeeeeeeeeeeeeeet":5.2,"Depressed Dog Lover":16.6,"jaymoney2021":3.25,"plasio":3.8,"hunnit?":2.45,"Flame4Game":-45.6,"MalikDaDemon":16.349999999999998,"DJLbaseball":-233.25000000000009,"Austin Feng":-703,"lam_chop19":6,"shmurda":27.549999999999997,"baggypantsman":3,"Harv":3,"da_dman172":64.1,"JediPieman63":16.6,"Slaughteropps21":16.7,"LeBald James":2.2,".Kingz99":2.25,"Urker2":0.25,"maxette":0.95,"slushhh":1,"Saturnwrath":10.15,"Hidden":20.999999999999996,"StevenConrad":13.25,"Eren yeager":1.45,"cole":3,"localmomhere":15.9,"Dasani Water":19.1,"this guy is ugly":4,"Gregg Brown":3,"QuinTom":2.75,"kel":2.35,"ACoke121":13.150000000000002,"Jlebron13":16.15,"Lextry":-22.1,"Stockmaster007":3,"Stanllinari":9.3,"Loophole":9,"Tilt":3,"Maniax":6,"dedytime":2.1,"kiminimumu":1.05,"Summer":25.049999999999997,"TopShaggerGomlen":3,"simi":17.300000000000004,"LyricalMiracle":3,"rockets dont have their pick":3.8,"jesuspiece":0.5,"Nihar":10,"Kauã Michel":1.9000000000000001,"Splash":6,"Japjot GILL":11.05,"b i g b e r t h a (AOBOY)":3.4499999999999997,"JobbieNoon":13.05,"and2332":3,"Jae'Sean Tate Future MVP":1.7999999999999998},"lottery":300,"chance":0.01}