{"bbgmDiscord":{"doobie mugi":145.94709914772977,"EMONEY12":67.66,"Dyno":0,"Poni":0,"iLiKeLaZeRz":21.65,"lewie100":26.349999999999998,"NotYourAverageFlight":34.707984,"OC_Hespera":2,"MugiBot":4.65,"BumpyxRoads":1.35,"Ran-dumb_Person":204.28497389107764,"Abdul":86.75000000000001,"Blocks":117.60000000000001,"ACoke121":8,"ClevelandFan":518.8276627762651,"Pats":3.1,"Champ1432":34.55,"KC24":17.7,"Orioles2014":26.100000000000005,"dumbmatter":78.72449999999999,"ÎšÎ©Î•Î":65.44999999999999,"JayBee":23,"Triumph":0.2,"MystBZ":19.05,"Radric Delantic Davis II":2.95,"boimenred":11.35,"oliveira":1.4000000000000001,"kotov":12.6,"xndrew05":15.600000000000001,"Itachi Be Lit":15.049999999999999,"Ca$hMooney11":8,"austin63867":20.150000000000002,"dpm33":36.4,"Confuzzleinator":9.75,"Grim Reaper":97.24999999999999,"ene618":2.4,"ð•ð• ð•¨ð•“ð•¦ð••ð•˜ð•–ð•¥ð•–ð•©ð•šð•¤ð•¥ð•–ð•Ÿð•”ð•–":13.6,"TPAB":8.700000000000001,"Threes > Twos":49.099999999999994,"astupidwerewolf":2,"Brilliant Defensive Mind":2.4500000000000033,"alexnoob":49.85000000000001,"Great Grandpa Nexy":25.2,"Woj":55.50000000000001,"Carl-bot":3.3,"Simulation Central YT":15.450000000000001,"cantpassGILMOR3":39.5,"LionKing101":69.13178018492748,"Pandevmonium":6.9,"Gannicus":48.050000000000004,"everest":17.65,"syebana":13.85,"alphy":39.599999999999994,"geonerd":83.17599999999999,"Goat_Status_19":72.4,"ninjasean65":8,"jurr":1.2,"Seattle Cyclones":6.4,"Fry Bandit":27.2,"Jlebron13":6.3,"Mumbooo":17.45,"SneakySniper046":2,"Gen3":4.3,"Gino":3.1,"shakur":16.8,"xsjack":5.1,"Nezakonit":25.6,"Random, the Deranged Bird":1.9,"sinefil31":6.25,"AstronautSimmons":2.6,"Cadillac":4.15,"D'Mario":6.7,"lam_chop19":17.15,"whitecow":1.65,"Fingal":101.94999999999999,"gman":39.300000000000004,"YTS":6.4,"Eris":1.25,"MarcerMercer":10.600000000000001,"ZEE GOAT":9.600000000000001,"Frost an Flakes":1.85,"wagalien":7.3500000000000005,"MoistenedWah":49.400000000000006,"QuinTom":5.7,"Freddie":8,"âœ§ã€™roobiã€˜ âœ§":3.45,"basketballbinge":23.650000000000002,"SelfMadeStealth":1.9,"MrMysty":5.85,"JAX":10.35,"Hydra":3.9499999999999997,"ben.":0.95,"TheRealGWood":14.450000000000001},"coinFlipChance":0.52}