{"bbgmDiscord":{"doobie mugi":476.4516021040541,"bossboy271":515.9745019507657,"KyleMgobozi89":1.9,"JayBee":78.68584,"sjsjsjsj":52.50000000000001,"EMONEY12":840.4885251664542,"BIGDICKBOI":8.85,"lewie100":689.4307716585944,"whitecow":170.15,"TopShaggerGomlen":4.35,"Simulation Central YT":847.9310302932903,"MugiBot":193.05000000000004,"Threes > Twos":64.30000000000001,"Kevin Durant":54.00000000000002,"DashxSF":83.05000000000001,"juice":2.75,"OC_Hespera":203.70000000000002,"Ran-dumb_Person":773.3584969842219,"Austin Feng":763.9826390336157,"astupidwerewolf":708.7715872402832,"Newer act":0,"Tilt":97.50374482381696,"- Grimz 🖤🖤":3.85,"Gladiator404":169.64799999999994,"Eddy":87.5,"Woj":477.6499999999998,"Carl-bot":8.100000000000001,"Triumph":35.24999999999999,"geonerd":970.3242209101517,"austin63867":600.6999999999999,"ClevelandFan":1366.701226575466,"Jake*":74.35000000000001,"Tim-Duncan21":3,"alphy":547.9999999999994,"LionKing101":638.653873456405,"Orioles2014":322.2149474457562,"dumbmatter":1204.4236191137247,"CaptainCucker":15.25,"Grim Reaper":504.5699999999999,"smug gorilla":4.899999999999993,"alexnoob":711.8683433397681,"Yum":27,"𝕝𝕠𝕨𝕓𝕦𝕕𝕘𝕖𝕥𝕖𝕩𝕚𝕤𝕥𝕖𝕟𝕔𝕖":804.6301217669869,"Goat_Status_19":502.7999999999997,"Brilliant Defensive Mind":556.0209947381628,"Eris":19.700000000000003,"bossboy27111":0,"QuinTom":259.65000000000003,"TheRealGWood":670.8499999999999,"AtomicDelirium":164.49999999999994,"Cubzlover84":113.5,"ben J A M in":59.3,"MoistenedWah":39.300000000000004,"jicem":359.2,"SelfMadeStealth":35.45,"DAME":75.5,"shakur":41,"syebana":72.89999999999999,"JaylenDaDemon":172.47005183740708,"ΚΩΕΝ":22.249999999999996,"Fry Bandit":519.65,"reina":46.14999999999999,"everest":372.1881013129689,"blueblase":296.9,"LSD":6.6,"FeaturingDark":200.14999999999995,"xndrew05":61.14999999999999,"GradyMcTracy":42.150000000000006,"iLiKeLaZeRz":171.6,"Blocks":458.8424524551168,"Goose":5.300000000000001,"Samurai315":40.99999999999999,"Beaser":1.1,"ACoke121":11,"沃尔玛卡特":3.1999999999999997,"xsjack":9.25,"Champ1432":68.40000000000002,"Poni":0,"Dyno":0,"Chum":28.45,"cole":12.350000000000003,"Durian":196.35000000000002,"Slax":9.55,"Random, the Deranged Bird":102.4629437924738,"Jlebron13":19.45,"YTS":27.7,"radiocreme":0.35,"ninjasean65":8.05,"cumnugget":0,"Gene":34.499999999999986,"boimenred":83.60000000000002,"Kensleyn32":1.9999999999999998,"ckl2112":15,"Lebby":3,"light":197.45000000000002,"The real julianator":0.1,"dedytime":3.0470400000000004,"Morphical":19.3,"Flame4Game":27.75,"Peabody Express":1.4,"ver":9.85,"kotov":49.4,".everyone":18.2,"KC24":36.89999999999999,"henry2k":2.1500000000000004,"da_dman172":37.85000000000001,"ene618":79.64999999999999,"KingLexgoat223":36,"blackleprechaun3":6.1,"dray":1.5,"Thicc":36.60000000000001,"Beaser 💍💍💍":8,"// El Griegongolongo //":5.95,"hunnit?":2.6500000000000004,"FOG_Cand":14.1,"YoungBoyFan":35.949999999999996,"MarcusFrmDaVille":14.75,"wahoo":17.9,"chief":192.94999999999996,"Ethanol":28.949999999999996,"SNC":77.10000000000001,"ben.":16.650000000000002,"Captain Price(Capalot)":101.55000000000001,"Strizh42":3.1,"MystBZ":19.45,"Marz Hoops":17.75,"two Gurley’s one Kupp":6.85,"D'Mario":21.000000000000004,"Dash":0.5,"Spiderchicken9":38.60000000000001,"adam silver":36.25,"Dylan / WarZ":104.50000000000001,"conantroutmann":29.499999999999996,"Pats":9.350000000000001,"Creatør":0.75,"PeruvianCHikEn":13.700000000000003,"The_Slojoe":25,"Black Flag Max Ⓐ":243.09999999999994,"Loading":58.650000000000006,"jadeniscool30":5.65,"Beerus Be Insane tho 🔥":236.35000000000002,"AfterHours":21.049999999999997,"SuperSaiyan15":0.55,"RMTGoat":4,"Taz":93.04999999999998,"LyricalMiracle":12.55,"jpu":8.65,"3cardblindbot":12.649999999999999,"Ricky Lafleur":3.9499999999999997,"JusJay":28.299999999999997,"JelloClover":27.2,"aster":1.25,"JAQUAN":10.2,"StevenConrad":13.15,"fireonice":4.75,"YouDareDefyMe?":116.99999999999999,".JJ":5.25,"Hollow":66.70000000000002,"yeeeeeeeeeeeeeeeeeeeeeeeeet":20.000000000000004,"TedBwo17":2.1,"The Slasher Sanitarium - Troy":16.5,"uɐʇɹɐdS":313.1,"NagaSupportPlayer":28,"nolan":84.45,"justajoke23":13.399999999999999,"Eldoggo0823":6.25,"grassroots":2.85,"BKinney":26.75,"baggypantsman":13.350000000000001,"LouisCypher":0.1,"MarcerMercer":12.7,"KobeBryantForever":7.199999999999999,"Asiriath":279.9000000000001,"JediPieman63":10.45,"Buck":16,"ZROM ツ":2,"shep":2,"Chaos":232.44999999999993,"YoungBurgerPatty":2.2,"Melo":0.75,"Yy":29.349999999999998,"Ainsley":16.55,"bunta":24.049999999999997,"Freddie":14,"Arizona Tooth":75.94999999999999,"KIRT":34.949999999999996,"darwin":0.05,"zzzzzzz":32.35,"SmileyOaks":0.25,"Gino":349.55000000000007,"CheapsculptureTAG":2.15,"MrMysty":182.49999999999991,"jesuspiece":4.85,"Seattle Cyclones":57.4,"A non alt account":1,"A_Singular_Period":5.449999999999999,"CyrusLand":4.6,"nhlbeastmode_7777":23.449999999999996,"diceycloth":0.2,"ChocolateSoda":48.89999999999999,"icyice69":10.65,"PowerSteam":4.35,"bananabuser":8.65,"Jae'Sean Tate Future MVP":59.20000000000002,"Kingkrab":32.349999999999994,"SirLameGame":129.69084938135484,"Matthew":2.45,"BillyPap47":1.05,"dpm33":4.55,"Malik Monk":4.2,"Nick the Greatest":823.0042624636028,"TaakoKaat":3.9,"not Ebyn but Ebyn is so cool":266.65000000000003,"JackAttack9105":9.9,"Cadillac":0.55,"advilcanada":2.5,"Fingal":138.15,"JunkoBunko":0.95,"koolfly":10.299999999999999,"JDOTDO":38.550000000000004,"Harv":8,"Aton837":12.4,"Abdul":93.1,"FleecerDaGoat":18.049999999999997,"Enzo":15.200000000000001,"TKILLAT":27.800000000000004,"Melo De’Illest":33.75,"TruthOrIdeals":261.3500000000001,"Maple":1.05,"Optimalbeast13":34.300000000000004,"Jet":2.5,"Topies":7.15,"Itachi Be Lit":375,"pistons":15.45,"Slim Shady":13.7,"kermit.":0.1,"Frankfurt":39.95,"whoopty":6.699999999999999,"joedirt900":7,"reshirai":181,"SALgn24":9.85,"Bacon":0.7000000000000001,"Maplé":11.95,"Marcopolo325":4.4,"Bellwood":3.4,"Yonavilla":8.95,"Moussa":3.2,"Mega":6.85,"Dr Salt":9.55,"AJ":3.2,"Benn3k":2.45,"pattymills581":2.05,"Slaughteropps21":3.2,"MrDukeSilver":2.05,"uzziinotagain":3.9499999999999997,"JeffyPaul":0.1,"ryan lol":4.1499999999999995,"frostedflakes1886":56.74999999999999,"Will be back soon (Beaser)":5.25,"Ra98":10.8,"Nati - Хан баскетбол":9.8,"MrSparlkeFairy69":26.7,"mightyhorse11":8,"Baby Drake":0.1,"chiefs fan":1.7999999999999998,"Artemus2021":4.05,"Wood":2.1,"Summer":8.9,"radiocreme (high and dry)":19.650000000000002,"thechosenone824":7.550000000000001,"Wot in Tarnation":10.65,"188530356394131456":0,"725808433080696842":0,"731192685293207552":0,"localmomhere":2.45,"226132849038852097":0,"A Law":3.8,"443583939207233536":0,"625806545610997762":0,"754910159826059326":0,"Kosciuszko":10.95,"Gnome":0.6,"750790681014042695":0,"My3r's Father":7.05,"349269115472576514":0,"maz †":3.05,"577949882069942272":0,"330527691562287105":0,"594584691617693699":0,"louie montana":70.77889520793161,"dylian":5.15,"imma_lord":8,"725891091085262918":0,"335593082441433088":0,"kel":15.1,"707944941644546078":0,"oliveira":34.199999999999996,"✧〙roobi〘 ✧":11.4,"masu94":20,"phishstx":3.25,"CJPagey22":233.34999999999994,"- Grimz official":0.35,"I am Me":2.5999999999999996,"Tiko":5.05,"Vishu":1.45,"lol.k":48.34999999999999,"NotYouAverageFlight":35.00000000000001,"NotYourAverageFlight":56.35000000000001,"RWBYaddict":5.55,"Confuzzleinator":1.3,"Aquaa":8,"Ben,":8,"Panda.":12.8,"MJfrmMurderCity":8,"Napalm":4.75,"Vaughn":6.3,"297676924073803776":0,"Idhant Jena":1.4,"CarlWheezer":30.400000000000002,"739562723896983552":0,"Ca$hMooney11":93.80999999999997,"512343467977080833":0,"b i g b e r t h a (AOBOY)":3.85,"AarKnife the 🐐":0.3,"StoneColdBelli":1.25,"sinefil31":3.8,"ίʋ𝔂":4.5,"103706496017133568":0,"wololo":4.95,"RMTGames":9.8,"Radric Delantic Davis II":1.7999999999999998,"451852927494127636":0,"lukesidaway":4.1,"596835830203416585":0,"Stephen A. Smith":8,"Fig Smoke":15,"icon":3,"Jacob.Marsh.":74.35000000000001,"THE FRO GAWD!!! sadly a cavs fan":8,"726460485259755560":0,"TarikAtakan":1.9500000000000002,"Mitchmole":37.85,"texasyoshi":4.25,"Outerjam":8,"🇰!":2.05,"natt.":0.2,